"idVendedor","Nome","Gerente","URL Gerente"
"600","Alice Santos","Boris","https://drive.google.com/uc?id=1JnqbrXtelyTkKTXcdmCDzq7iqZnmS4ss"
"601","Sophia Maia","Carlos","https://drive.google.com/uc?id=10cjB-EQHaHaSf33H2LvCn6Oxn6eUjexh"
"602","Helena Grande","Geraldo","https://drive.google.com/uc?id=1kLJhPMXCRvZfzli69XxbN80q52UIS1Ii"
"603","Valentina Jones","João","https://drive.google.com/uc?id=1r9XaU7gmi2Pgyy-O4fH-bGgzbgSeRWJV"
"604","Laura Keller","João","https://drive.google.com/uc?id=1r9XaU7gmi2Pgyy-O4fH-bGgzbgSeRWJV"
"605","Isabella Murati","Janaina","https://drive.google.com/uc?id=1Mn_iLd7gSOrMMuHiZSLnJ4pA13WWCDnr"
"606","Manuela Vitoria","Janaina","https://drive.google.com/uc?id=1Mn_iLd7gSOrMMuHiZSLnJ4pA13WWCDnr"
"607","Júlia Canto","Janaina","https://drive.google.com/uc?id=1Mn_iLd7gSOrMMuHiZSLnJ4pA13WWCDnr"
"608","Heloísa Atestan","Célia","https://drive.google.com/uc?id=1TVxvNL9WleKF31Ae8eO5nwGcRgSx5g4h"
"609","Luiza Maria Ramirez","Julia","https://drive.google.com/uc?id=10T709_PDIRjNxqBfKyW9MutHNoGQqjrd"
"610","Maria Luiza","Carmem","https://drive.google.com/uc?id=1ZsoUZvoLN75nYT4yOU1u49KQ0ONjbd9H"
"611","Lorena Brond","Janaina","https://drive.google.com/uc?id=1Mn_iLd7gSOrMMuHiZSLnJ4pA13WWCDnr"
"612","Lívia Pacheco","Roberto","https://drive.google.com/uc?id=1KwdeYiM6yE7dJDNUBgiDDtULZCNejcOM"
"613","Giovanna Castro","Carlos","https://drive.google.com/uc?id=10cjB-EQHaHaSf33H2LvCn6Oxn6eUjexh"
"614","Maria Eduarda","Fábio","https://drive.google.com/uc?id=1Hhy_eGk4b_rrZKhFGKuBCdHxCR8XTpZ8"
"615","Beatriz Alves","Carmem","https://drive.google.com/uc?id=1ZsoUZvoLN75nYT4yOU1u49KQ0ONjbd9H"
"616","Maria Clara","Joana","https://drive.google.com/uc?id=1-BraJGn5Llwpybq1T6OmmKDhFEkPorrq"
"617","Cecília Tavares","Carmem","https://drive.google.com/uc?id=1ZsoUZvoLN75nYT4yOU1u49KQ0ONjbd9H"
"618","Eloá Santos","Boris","https://drive.google.com/uc?id=1JnqbrXtelyTkKTXcdmCDzq7iqZnmS4ss"
"619","Lara Silva","Carmem","https://drive.google.com/uc?id=1ZsoUZvoLN75nYT4yOU1u49KQ0ONjbd9H"
"620","Maria Júlia","Julia","https://drive.google.com/uc?id=10T709_PDIRjNxqBfKyW9MutHNoGQqjrd"
"621","Isadora Cavalcanti","Gerson","https://drive.google.com/uc?id=1-atc9bXFdSz82TIYt_-sJfkEFNipA1nn"
"622","Mariana Costa","Julia","https://drive.google.com/uc?id=10T709_PDIRjNxqBfKyW9MutHNoGQqjrd"
"623","Emanuelly Keller","Célia","https://drive.google.com/uc?id=1TVxvNL9WleKF31Ae8eO5nwGcRgSx5g4h"
"624","Ana Júlia Carvalho","João","https://drive.google.com/uc?id=1r9XaU7gmi2Pgyy-O4fH-bGgzbgSeRWJV"
"625","Ana Luiza da Silva","Carmem","https://drive.google.com/uc?id=1ZsoUZvoLN75nYT4yOU1u49KQ0ONjbd9H"
"626","Ana Clara Costa","João","https://drive.google.com/uc?id=1r9XaU7gmi2Pgyy-O4fH-bGgzbgSeRWJV"
"627","Melissa Cavalcanti","Paula","https://drive.google.com/uc?id=1RttfA0FJ5W5x2gVH81OMRJKRvjS-NZpq"
"628","Yasmin Keller","Carlos","https://drive.google.com/uc?id=10cjB-EQHaHaSf33H2LvCn6Oxn6eUjexh"
"629","Maria Alice Carvalho","João","https://drive.google.com/uc?id=1r9XaU7gmi2Pgyy-O4fH-bGgzbgSeRWJV"
"630","Isabelly Keller","Geraldo","https://drive.google.com/uc?id=1kLJhPMXCRvZfzli69XxbN80q52UIS1Ii"
"631","Lavínia Lima","Carmem","https://drive.google.com/uc?id=1ZsoUZvoLN75nYT4yOU1u49KQ0ONjbd9H"
"632","Esther Cavalcanti","Boris","https://drive.google.com/uc?id=1JnqbrXtelyTkKTXcdmCDzq7iqZnmS4ss"
"633","Sarah Lima","Geraldo","https://drive.google.com/uc?id=1kLJhPMXCRvZfzli69XxbN80q52UIS1Ii"
"634","Elisa Carvalho","Joana","https://drive.google.com/uc?id=1-BraJGn5Llwpybq1T6OmmKDhFEkPorrq"
"635","Antonella Cavalcanti","Fábio","https://drive.google.com/uc?id=1Hhy_eGk4b_rrZKhFGKuBCdHxCR8XTpZ8"
"636","Rafaela Pereira","Geraldo","https://drive.google.com/uc?id=1kLJhPMXCRvZfzli69XxbN80q52UIS1Ii"
"637","Maria Cecília","Paula","https://drive.google.com/uc?id=1RttfA0FJ5W5x2gVH81OMRJKRvjS-NZpq"
"638","Liz Carvalho","Gerson","https://drive.google.com/uc?id=1-atc9bXFdSz82TIYt_-sJfkEFNipA1nn"
"639","Marina Costa","João","https://drive.google.com/uc?id=1r9XaU7gmi2Pgyy-O4fH-bGgzbgSeRWJV"
"640","Nicole Cavalcanti","Carmem","https://drive.google.com/uc?id=1ZsoUZvoLN75nYT4yOU1u49KQ0ONjbd9H"
"641","Maitê Carvalho","Janaina","https://drive.google.com/uc?id=1Mn_iLd7gSOrMMuHiZSLnJ4pA13WWCDnr"
"642","Isis Costa","Janaina","https://drive.google.com/uc?id=1Mn_iLd7gSOrMMuHiZSLnJ4pA13WWCDnr"
"643","Alícia Keller","Carmem","https://drive.google.com/uc?id=1ZsoUZvoLN75nYT4yOU1u49KQ0ONjbd9H"
"644","Luna Lima","Gerson","https://drive.google.com/uc?id=1-atc9bXFdSz82TIYt_-sJfkEFNipA1nn"
"645","Rebeca Costa","Joana","https://drive.google.com/uc?id=1-BraJGn5Llwpybq1T6OmmKDhFEkPorrq"
"646","Agatha Pereira","Carmem","https://drive.google.com/uc?id=1ZsoUZvoLN75nYT4yOU1u49KQ0ONjbd9H"
"647","Letícia Peçanha","Carmem","https://drive.google.com/uc?id=1ZsoUZvoLN75nYT4yOU1u49KQ0ONjbd9H"
"648","Maria Moraes","Boris","https://drive.google.com/uc?id=1JnqbrXtelyTkKTXcdmCDzq7iqZnmS4ss"
"649","Gabriela Costa","Roberto","https://drive.google.com/uc?id=1KwdeYiM6yE7dJDNUBgiDDtULZCNejcOM"
"650","Ana Laura Sampaio","Geraldo","https://drive.google.com/uc?id=1kLJhPMXCRvZfzli69XxbN80q52UIS1Ii"
"651","Catarina Pereira","Roberto","https://drive.google.com/uc?id=1KwdeYiM6yE7dJDNUBgiDDtULZCNejcOM"
"652","Clara Pimenta","João","https://drive.google.com/uc?id=1r9XaU7gmi2Pgyy-O4fH-bGgzbgSeRWJV"
"653","Ana Beatriz Veiga","João","https://drive.google.com/uc?id=1r9XaU7gmi2Pgyy-O4fH-bGgzbgSeRWJV"
"654","Vitória Lima","Boris","https://drive.google.com/uc?id=1JnqbrXtelyTkKTXcdmCDzq7iqZnmS4ss"
"655","Olívia Pereira","João","https://drive.google.com/uc?id=1r9XaU7gmi2Pgyy-O4fH-bGgzbgSeRWJV"
"656","Maria Fernanda Carvalho","Fábio","https://drive.google.com/uc?id=1Hhy_eGk4b_rrZKhFGKuBCdHxCR8XTpZ8"
"657","Emilly Pimenta","Joana","https://drive.google.com/uc?id=1-BraJGn5Llwpybq1T6OmmKDhFEkPorrq"
"658","Maria Valentina","Janaina","https://drive.google.com/uc?id=1Mn_iLd7gSOrMMuHiZSLnJ4pA13WWCDnr"
"659","Milena Peçanha","Geraldo","https://drive.google.com/uc?id=1kLJhPMXCRvZfzli69XxbN80q52UIS1Ii"
"660","Maria Helena Carvalho","Célia","https://drive.google.com/uc?id=1TVxvNL9WleKF31Ae8eO5nwGcRgSx5g4h"
"661","Bianca Alves","Célia","https://drive.google.com/uc?id=1TVxvNL9WleKF31Ae8eO5nwGcRgSx5g4h"
"662","Larissa Lima","Boris","https://drive.google.com/uc?id=1JnqbrXtelyTkKTXcdmCDzq7iqZnmS4ss"
"663","Mirella Pereira","Paula","https://drive.google.com/uc?id=1RttfA0FJ5W5x2gVH81OMRJKRvjS-NZpq"
"664","Maria Flor Nascimento","Joana","https://drive.google.com/uc?id=1-BraJGn5Llwpybq1T6OmmKDhFEkPorrq"
"665","Allana Lima","Roberto","https://drive.google.com/uc?id=1KwdeYiM6yE7dJDNUBgiDDtULZCNejcOM"
"666","Ana Sophia Sacramento","Célia","https://drive.google.com/uc?id=1TVxvNL9WleKF31Ae8eO5nwGcRgSx5g4h"
"667","Clarice Pimenta","Célia","https://drive.google.com/uc?id=1TVxvNL9WleKF31Ae8eO5nwGcRgSx5g4h"
"668","Pietra Pereira","Carmem","https://drive.google.com/uc?id=1ZsoUZvoLN75nYT4yOU1u49KQ0ONjbd9H"
"669","Maria Vitória Siqueira","Carmem","https://drive.google.com/uc?id=1ZsoUZvoLN75nYT4yOU1u49KQ0ONjbd9H"
"670","Maya Ramalho","Gerson","https://drive.google.com/uc?id=1-atc9bXFdSz82TIYt_-sJfkEFNipA1nn"
"671","Laís Ramirez","Joana","https://drive.google.com/uc?id=1-BraJGn5Llwpybq1T6OmmKDhFEkPorrq"
"672","Ayla Ramirez","Carmem","https://drive.google.com/uc?id=1ZsoUZvoLN75nYT4yOU1u49KQ0ONjbd9H"
"673","Ana Lívia Roma","Fábio","https://drive.google.com/uc?id=1Hhy_eGk4b_rrZKhFGKuBCdHxCR8XTpZ8"
"674","Eduarda Pereira","Carmem","https://drive.google.com/uc?id=1ZsoUZvoLN75nYT4yOU1u49KQ0ONjbd9H"
"675","Mariah Ramalho","Carlos","https://drive.google.com/uc?id=10cjB-EQHaHaSf33H2LvCn6Oxn6eUjexh"
"676","Stella Ramirez","Geraldo","https://drive.google.com/uc?id=1kLJhPMXCRvZfzli69XxbN80q52UIS1Ii"
"677","Ana Pimenta","Paula","https://drive.google.com/uc?id=1RttfA0FJ5W5x2gVH81OMRJKRvjS-NZpq"
"678","Gabrielly Pereira","João","https://drive.google.com/uc?id=1r9XaU7gmi2Pgyy-O4fH-bGgzbgSeRWJV"
"679","Sophie Lima","Fábio","https://drive.google.com/uc?id=1Hhy_eGk4b_rrZKhFGKuBCdHxCR8XTpZ8"
"680","Carolina Pereira","Carmem","https://drive.google.com/uc?id=1ZsoUZvoLN75nYT4yOU1u49KQ0ONjbd9H"
"681","Maria Laura Siqueira","Joana","https://drive.google.com/uc?id=1-BraJGn5Llwpybq1T6OmmKDhFEkPorrq"
"682","Maria Heloísa Siqueira","Joana","https://drive.google.com/uc?id=1-BraJGn5Llwpybq1T6OmmKDhFEkPorrq"
"683","Maria Sophia Siqueira","Fábio","https://drive.google.com/uc?id=1Hhy_eGk4b_rrZKhFGKuBCdHxCR8XTpZ8"
"684","Fernanda Mesquita","Célia","https://drive.google.com/uc?id=1TVxvNL9WleKF31Ae8eO5nwGcRgSx5g4h"
"685","Malu Ramalho","Roberto","https://drive.google.com/uc?id=1KwdeYiM6yE7dJDNUBgiDDtULZCNejcOM"
"686","Analu Rangel","Paula","https://drive.google.com/uc?id=1RttfA0FJ5W5x2gVH81OMRJKRvjS-NZpq"
"687","Amanda Ramalho","Fábio","https://drive.google.com/uc?id=1Hhy_eGk4b_rrZKhFGKuBCdHxCR8XTpZ8"
"688","Aurora Rangel","Carmem","https://drive.google.com/uc?id=1ZsoUZvoLN75nYT4yOU1u49KQ0ONjbd9H"
"689","Maria Isis Nascimento","Gerson","https://drive.google.com/uc?id=1-atc9bXFdSz82TIYt_-sJfkEFNipA1nn"
"690","Louise da Silva","Boris","https://drive.google.com/uc?id=1JnqbrXtelyTkKTXcdmCDzq7iqZnmS4ss"
"691","Heloise Rangel","Boris","https://drive.google.com/uc?id=1JnqbrXtelyTkKTXcdmCDzq7iqZnmS4ss"
"692","Ana Vitória Sá","Boris","https://drive.google.com/uc?id=1JnqbrXtelyTkKTXcdmCDzq7iqZnmS4ss"
"693","Ana Cecília Viana","Paula","https://drive.google.com/uc?id=1RttfA0FJ5W5x2gVH81OMRJKRvjS-NZpq"
"694","Ana Liz Ramalho","Carlos","https://drive.google.com/uc?id=10cjB-EQHaHaSf33H2LvCn6Oxn6eUjexh"
"695","Joana Rangel","Gerson","https://drive.google.com/uc?id=1-atc9bXFdSz82TIYt_-sJfkEFNipA1nn"
"696","Luana da Silva","João","https://drive.google.com/uc?id=1r9XaU7gmi2Pgyy-O4fH-bGgzbgSeRWJV"
"697","Antônia Uchoa","João","https://drive.google.com/uc?id=1r9XaU7gmi2Pgyy-O4fH-bGgzbgSeRWJV"
"698","Isabel Uchoa","Célia","https://drive.google.com/uc?id=1TVxvNL9WleKF31Ae8eO5nwGcRgSx5g4h"
"699","Bruna Uchoa","João","https://drive.google.com/uc?id=1r9XaU7gmi2Pgyy-O4fH-bGgzbgSeRWJV"
"700","Miguel da Silva","Boris","https://drive.google.com/uc?id=1JnqbrXtelyTkKTXcdmCDzq7iqZnmS4ss"
"701","Arthur Pereira","Gerson","https://drive.google.com/uc?id=1-atc9bXFdSz82TIYt_-sJfkEFNipA1nn"
"702","Bernardo Valença","Boris","https://drive.google.com/uc?id=1JnqbrXtelyTkKTXcdmCDzq7iqZnmS4ss"
"703","Heitor Uchoa","Carmem","https://drive.google.com/uc?id=1ZsoUZvoLN75nYT4yOU1u49KQ0ONjbd9H"
"704","Davi Uchoa","Boris","https://drive.google.com/uc?id=1JnqbrXtelyTkKTXcdmCDzq7iqZnmS4ss"
"705","Lorenzo Rangel","Janaina","https://drive.google.com/uc?id=1Mn_iLd7gSOrMMuHiZSLnJ4pA13WWCDnr"
"706","Théo da Silva","Carmem","https://drive.google.com/uc?id=1ZsoUZvoLN75nYT4yOU1u49KQ0ONjbd9H"
"707","Pedro Uchoa","João","https://drive.google.com/uc?id=1r9XaU7gmi2Pgyy-O4fH-bGgzbgSeRWJV"
"708","Gabriel da Silva","Roberto","https://drive.google.com/uc?id=1KwdeYiM6yE7dJDNUBgiDDtULZCNejcOM"
"709","Enzo Valença","João","https://drive.google.com/uc?id=1r9XaU7gmi2Pgyy-O4fH-bGgzbgSeRWJV"
"710","Matheus Siqueira","Célia","https://drive.google.com/uc?id=1TVxvNL9WleKF31Ae8eO5nwGcRgSx5g4h"
"711","Lucas Valença","Boris","https://drive.google.com/uc?id=1JnqbrXtelyTkKTXcdmCDzq7iqZnmS4ss"
"712","Benjamin Valença","Gerson","https://drive.google.com/uc?id=1-atc9bXFdSz82TIYt_-sJfkEFNipA1nn"
"713","Nicolas Peçanha","Paula","https://drive.google.com/uc?id=1RttfA0FJ5W5x2gVH81OMRJKRvjS-NZpq"
"714","Guilherme Valença","Joana","https://drive.google.com/uc?id=1-BraJGn5Llwpybq1T6OmmKDhFEkPorrq"
"715","Rafael Vilhena","Carmem","https://drive.google.com/uc?id=1ZsoUZvoLN75nYT4yOU1u49KQ0ONjbd9H"
"716","Joaquim da Silva","João","https://drive.google.com/uc?id=1r9XaU7gmi2Pgyy-O4fH-bGgzbgSeRWJV"
"717","Samuel Vilhena","João","https://drive.google.com/uc?id=1r9XaU7gmi2Pgyy-O4fH-bGgzbgSeRWJV"
"718","Enzo Gabriel Morato","Célia","https://drive.google.com/uc?id=1TVxvNL9WleKF31Ae8eO5nwGcRgSx5g4h"
"719","João Miguel dos Santos","Geraldo","https://drive.google.com/uc?id=1kLJhPMXCRvZfzli69XxbN80q52UIS1Ii"
"720","Henrique Vilhena","João","https://drive.google.com/uc?id=1r9XaU7gmi2Pgyy-O4fH-bGgzbgSeRWJV"
"721","Gustavo Rangel","Julia","https://drive.google.com/uc?id=10T709_PDIRjNxqBfKyW9MutHNoGQqjrd"
"722","Murilo da Silva","Carmem","https://drive.google.com/uc?id=1ZsoUZvoLN75nYT4yOU1u49KQ0ONjbd9H"
"723","Pedro Henrique Peçanha","Gerson","https://drive.google.com/uc?id=1-atc9bXFdSz82TIYt_-sJfkEFNipA1nn"
"724","Pietro Nascimento","Roberto","https://drive.google.com/uc?id=1KwdeYiM6yE7dJDNUBgiDDtULZCNejcOM"
"725","Lucca Lins","Joana","https://drive.google.com/uc?id=1-BraJGn5Llwpybq1T6OmmKDhFEkPorrq"
"726","Felipe Mendes","Boris","https://drive.google.com/uc?id=1JnqbrXtelyTkKTXcdmCDzq7iqZnmS4ss"
"727","João Pedro da Silva","Carlos","https://drive.google.com/uc?id=10cjB-EQHaHaSf33H2LvCn6Oxn6eUjexh"
"728","Isaac Holanda","Janaina","https://drive.google.com/uc?id=1Mn_iLd7gSOrMMuHiZSLnJ4pA13WWCDnr"
"729","Benício Parga","Julia","https://drive.google.com/uc?id=10T709_PDIRjNxqBfKyW9MutHNoGQqjrd"
"730","Daniel Rangel","Carmem","https://drive.google.com/uc?id=1ZsoUZvoLN75nYT4yOU1u49KQ0ONjbd9H"
"731","Anthony Nascimento","Boris","https://drive.google.com/uc?id=1JnqbrXtelyTkKTXcdmCDzq7iqZnmS4ss"
"732","Leonardo","João","https://drive.google.com/uc?id=1r9XaU7gmi2Pgyy-O4fH-bGgzbgSeRWJV"
"733","Davi Lucca Noronha","Fábio","https://drive.google.com/uc?id=1Hhy_eGk4b_rrZKhFGKuBCdHxCR8XTpZ8"
"734","Bryan Romão","Célia","https://drive.google.com/uc?id=1TVxvNL9WleKF31Ae8eO5nwGcRgSx5g4h"
"735","Eduardo da Silva","Paula","https://drive.google.com/uc?id=1RttfA0FJ5W5x2gVH81OMRJKRvjS-NZpq"
"736","João Lucas Borges","Carmem","https://drive.google.com/uc?id=1ZsoUZvoLN75nYT4yOU1u49KQ0ONjbd9H"
"737","Victor Romão","Paula","https://drive.google.com/uc?id=1RttfA0FJ5W5x2gVH81OMRJKRvjS-NZpq"
"738"," João Carlos Jardim","Janaina","https://drive.google.com/uc?id=1Mn_iLd7gSOrMMuHiZSLnJ4pA13WWCDnr"
"739","Cauã Romão","Célia","https://drive.google.com/uc?id=1TVxvNL9WleKF31Ae8eO5nwGcRgSx5g4h"
"740","Antônio Romão","Carmem","https://drive.google.com/uc?id=1ZsoUZvoLN75nYT4yOU1u49KQ0ONjbd9H"
"741","Vicente Nascimento","Joana","https://drive.google.com/uc?id=1-BraJGn5Llwpybq1T6OmmKDhFEkPorrq"
"742","Caleb da Silva","Paula","https://drive.google.com/uc?id=1RttfA0FJ5W5x2gVH81OMRJKRvjS-NZpq"
"743","Gael Xavier","Julia","https://drive.google.com/uc?id=10T709_PDIRjNxqBfKyW9MutHNoGQqjrd"
"744","Bento Nascimento","Julia","https://drive.google.com/uc?id=10T709_PDIRjNxqBfKyW9MutHNoGQqjrd"
"745","Caio Romão","Janaina","https://drive.google.com/uc?id=1Mn_iLd7gSOrMMuHiZSLnJ4pA13WWCDnr"
"746","Emanuel Francisco","Carmem","https://drive.google.com/uc?id=1ZsoUZvoLN75nYT4yOU1u49KQ0ONjbd9H"
"747","Vinícius Vilhena","Carmem","https://drive.google.com/uc?id=1ZsoUZvoLN75nYT4yOU1u49KQ0ONjbd9H"
"748","João Guilherme Barbosa","Geraldo","https://drive.google.com/uc?id=1kLJhPMXCRvZfzli69XxbN80q52UIS1Ii"
"749","Davi Lucas Vilhena","João","https://drive.google.com/uc?id=1r9XaU7gmi2Pgyy-O4fH-bGgzbgSeRWJV"
"750","Noah Romão","Julia","https://drive.google.com/uc?id=10T709_PDIRjNxqBfKyW9MutHNoGQqjrd"
"751","João Gabriel Xavier","Julia","https://drive.google.com/uc?id=10T709_PDIRjNxqBfKyW9MutHNoGQqjrd"
"752","João Victor Vilhena","Carmem","https://drive.google.com/uc?id=1ZsoUZvoLN75nYT4yOU1u49KQ0ONjbd9H"
"753","Luiz Miguel Mendes","Gerson","https://drive.google.com/uc?id=1-atc9bXFdSz82TIYt_-sJfkEFNipA1nn"
"754","Francisco Xavier","Carmem","https://drive.google.com/uc?id=1ZsoUZvoLN75nYT4yOU1u49KQ0ONjbd9H"
"755","Kaique Noronha","Célia","https://drive.google.com/uc?id=1TVxvNL9WleKF31Ae8eO5nwGcRgSx5g4h"
"756","Otávio Xavier","Roberto","https://drive.google.com/uc?id=1KwdeYiM6yE7dJDNUBgiDDtULZCNejcOM"
"757","Augusto Saraiva","Roberto","https://drive.google.com/uc?id=1KwdeYiM6yE7dJDNUBgiDDtULZCNejcOM"
"758","Levi Veloso","Carlos","https://drive.google.com/uc?id=10cjB-EQHaHaSf33H2LvCn6Oxn6eUjexh"
"759","Yuri Xavier","Julia","https://drive.google.com/uc?id=10T709_PDIRjNxqBfKyW9MutHNoGQqjrd"
"760","Enrico Xavier","Gerson","https://drive.google.com/uc?id=1-atc9bXFdSz82TIYt_-sJfkEFNipA1nn"
"761","Thiago Romão","João","https://drive.google.com/uc?id=1r9XaU7gmi2Pgyy-O4fH-bGgzbgSeRWJV"
"762","Ian Veloso","Carmem","https://drive.google.com/uc?id=1ZsoUZvoLN75nYT4yOU1u49KQ0ONjbd9H"
"763","Victor Hugo Nacimento","Gerson","https://drive.google.com/uc?id=1-atc9bXFdSz82TIYt_-sJfkEFNipA1nn"
"764","Thomas Lopes","Roberto","https://drive.google.com/uc?id=1KwdeYiM6yE7dJDNUBgiDDtULZCNejcOM"
"765","Henry Romão","Janaina","https://drive.google.com/uc?id=1Mn_iLd7gSOrMMuHiZSLnJ4pA13WWCDnr"
"766","Luiz Felipe Lins","Roberto","https://drive.google.com/uc?id=1KwdeYiM6yE7dJDNUBgiDDtULZCNejcOM"
"767","Ryan Sampaio","Fábio","https://drive.google.com/uc?id=1Hhy_eGk4b_rrZKhFGKuBCdHxCR8XTpZ8"
"768","Arthur Miguel Santana","Célia","https://drive.google.com/uc?id=1TVxvNL9WleKF31Ae8eO5nwGcRgSx5g4h"
"769","Davi Luiz Sampaio","Joana","https://drive.google.com/uc?id=1-BraJGn5Llwpybq1T6OmmKDhFEkPorrq"
"770","Nathan Nascimento","Carmem","https://drive.google.com/uc?id=1ZsoUZvoLN75nYT4yOU1u49KQ0ONjbd9H"
"771","Pedro Lucas Peçanha","Célia","https://drive.google.com/uc?id=1TVxvNL9WleKF31Ae8eO5nwGcRgSx5g4h"
"772","Davi Miguel Moro","João","https://drive.google.com/uc?id=1r9XaU7gmi2Pgyy-O4fH-bGgzbgSeRWJV"
"773","Raul Veloso","João","https://drive.google.com/uc?id=1r9XaU7gmi2Pgyy-O4fH-bGgzbgSeRWJV"
"774","Pedro Miguel Uchoa","João","https://drive.google.com/uc?id=1r9XaU7gmi2Pgyy-O4fH-bGgzbgSeRWJV"
"775","Luiz Henrique Machado","Carmem","https://drive.google.com/uc?id=1ZsoUZvoLN75nYT4yOU1u49KQ0ONjbd9H"
"776","Luan Veloso","Carmem","https://drive.google.com/uc?id=1ZsoUZvoLN75nYT4yOU1u49KQ0ONjbd9H"
"777","Erick Sampaio","Boris","https://drive.google.com/uc?id=1JnqbrXtelyTkKTXcdmCDzq7iqZnmS4ss"
"778","Martin Noronha","Paula","https://drive.google.com/uc?id=1RttfA0FJ5W5x2gVH81OMRJKRvjS-NZpq"
"779","Bruno Pascoal","Joana","https://drive.google.com/uc?id=1-BraJGn5Llwpybq1T6OmmKDhFEkPorrq"
"780","Rodrigo Costa","Geraldo","https://drive.google.com/uc?id=1kLJhPMXCRvZfzli69XxbN80q52UIS1Ii"
"781","Luiz Gustavo Lacerda","Gerson","https://drive.google.com/uc?id=1-atc9bXFdSz82TIYt_-sJfkEFNipA1nn"
"782","Arthur Gabriel Noronha","Carmem","https://drive.google.com/uc?id=1ZsoUZvoLN75nYT4yOU1u49KQ0ONjbd9H"
"783","Breno Sampaio","Carmem","https://drive.google.com/uc?id=1ZsoUZvoLN75nYT4yOU1u49KQ0ONjbd9H"
"784","Kauê Leite","Carmem","https://drive.google.com/uc?id=1ZsoUZvoLN75nYT4yOU1u49KQ0ONjbd9H"
"785","Enzo Miguel Noronha","Célia","https://drive.google.com/uc?id=1TVxvNL9WleKF31Ae8eO5nwGcRgSx5g4h"
"786","Fernando Pires","Fábio","https://drive.google.com/uc?id=1Hhy_eGk4b_rrZKhFGKuBCdHxCR8XTpZ8"
"787","Arthur Henrique Pires","Roberto","https://drive.google.com/uc?id=1KwdeYiM6yE7dJDNUBgiDDtULZCNejcOM"
"788","Luiz Otávio Nates","Célia","https://drive.google.com/uc?id=1TVxvNL9WleKF31Ae8eO5nwGcRgSx5g4h"
"789","Carlos Eduardo","Geraldo","https://drive.google.com/uc?id=1kLJhPMXCRvZfzli69XxbN80q52UIS1Ii"
"790","Tomás Sampaio","Fábio","https://drive.google.com/uc?id=1Hhy_eGk4b_rrZKhFGKuBCdHxCR8XTpZ8"
"791","Lucas Gabriel","Gerson","https://drive.google.com/uc?id=1-atc9bXFdSz82TIYt_-sJfkEFNipA1nn"
"792","André Uribe","Boris","https://drive.google.com/uc?id=1JnqbrXtelyTkKTXcdmCDzq7iqZnmS4ss"
"793","José Uribe","Paula","https://drive.google.com/uc?id=1RttfA0FJ5W5x2gVH81OMRJKRvjS-NZpq"
"794","Yago Sampaio","Carlos","https://drive.google.com/uc?id=10cjB-EQHaHaSf33H2LvCn6Oxn6eUjexh"
"795","Danilo Veloso","Julia","https://drive.google.com/uc?id=10T709_PDIRjNxqBfKyW9MutHNoGQqjrd"
"796","Anthony Gabriel","Carmem","https://drive.google.com/uc?id=1ZsoUZvoLN75nYT4yOU1u49KQ0ONjbd9H"
"797","Ruan Veloso","Carmem","https://drive.google.com/uc?id=1ZsoUZvoLN75nYT4yOU1u49KQ0ONjbd9H"
"798","Miguel Henrique","Janaina","https://drive.google.com/uc?id=1Mn_iLd7gSOrMMuHiZSLnJ4pA13WWCDnr"
"799","Oliver Veloso","Fábio","https://drive.google.com/uc?id=1Hhy_eGk4b_rrZKhFGKuBCdHxCR8XTpZ8"
"800","Maitê Siqueira","Geraldo","https://drive.google.com/uc?id=1kLJhPMXCRvZfzli69XxbN80q52UIS1Ii"
"801","Isis Neves","Joana","https://drive.google.com/uc?id=1-BraJGn5Llwpybq1T6OmmKDhFEkPorrq"
"802","Alícia Siqueira","Gerson","https://drive.google.com/uc?id=1-atc9bXFdSz82TIYt_-sJfkEFNipA1nn"
"803","Luna Nascimento Sampaio","João","https://drive.google.com/uc?id=1r9XaU7gmi2Pgyy-O4fH-bGgzbgSeRWJV"
"804","Rebeca Valadares","João","https://drive.google.com/uc?id=1r9XaU7gmi2Pgyy-O4fH-bGgzbgSeRWJV"
"805","Agatha Noronha","Carmem","https://drive.google.com/uc?id=1ZsoUZvoLN75nYT4yOU1u49KQ0ONjbd9H"
"806","Letícia Valadares","Roberto","https://drive.google.com/uc?id=1KwdeYiM6yE7dJDNUBgiDDtULZCNejcOM"
"807","Maria Nascimento","Carmem","https://drive.google.com/uc?id=1ZsoUZvoLN75nYT4yOU1u49KQ0ONjbd9H"
"808","Gabriela Oliva","Joana","https://drive.google.com/uc?id=1-BraJGn5Llwpybq1T6OmmKDhFEkPorrq"
"809","Ana Laura Noronha","Geraldo","https://drive.google.com/uc?id=1kLJhPMXCRvZfzli69XxbN80q52UIS1Ii"
"810","Catarina Penteado","Carlos","https://drive.google.com/uc?id=10cjB-EQHaHaSf33H2LvCn6Oxn6eUjexh"
"811","Clara Nascimento","Geraldo","https://drive.google.com/uc?id=1kLJhPMXCRvZfzli69XxbN80q52UIS1Ii"
"812","Ana Beatriz Trindade","Carmem","https://drive.google.com/uc?id=1ZsoUZvoLN75nYT4yOU1u49KQ0ONjbd9H"
"813","Vitória Siqueira","Boris","https://drive.google.com/uc?id=1JnqbrXtelyTkKTXcdmCDzq7iqZnmS4ss"
"814","Olívia Siqueira","João","https://drive.google.com/uc?id=1r9XaU7gmi2Pgyy-O4fH-bGgzbgSeRWJV"
"815","Maria Fernanda Nascimento","Julia","https://drive.google.com/uc?id=10T709_PDIRjNxqBfKyW9MutHNoGQqjrd"
"816","Emilly Uribe","Fábio","https://drive.google.com/uc?id=1Hhy_eGk4b_rrZKhFGKuBCdHxCR8XTpZ8"
"817","Maria Valentina","João","https://drive.google.com/uc?id=1r9XaU7gmi2Pgyy-O4fH-bGgzbgSeRWJV"
"818","Milena Uribe","Boris","https://drive.google.com/uc?id=1JnqbrXtelyTkKTXcdmCDzq7iqZnmS4ss"
"819","Maria Helena Nascimento","Fábio","https://drive.google.com/uc?id=1Hhy_eGk4b_rrZKhFGKuBCdHxCR8XTpZ8"
"820","Bianca Barros","Paula","https://drive.google.com/uc?id=1RttfA0FJ5W5x2gVH81OMRJKRvjS-NZpq"
"821","Larissa Barbosa","João","https://drive.google.com/uc?id=1r9XaU7gmi2Pgyy-O4fH-bGgzbgSeRWJV"
"822","Mirella Uribe","João","https://drive.google.com/uc?id=1r9XaU7gmi2Pgyy-O4fH-bGgzbgSeRWJV"
"823","Maria Flor Barros","João","https://drive.google.com/uc?id=1r9XaU7gmi2Pgyy-O4fH-bGgzbgSeRWJV"
"824","Allana Barbosa","Julia","https://drive.google.com/uc?id=10T709_PDIRjNxqBfKyW9MutHNoGQqjrd"
"825","Ana Sophia Uribe","Janaina","https://drive.google.com/uc?id=1Mn_iLd7gSOrMMuHiZSLnJ4pA13WWCDnr"
"826","Clarice Siqueira","Carmem","https://drive.google.com/uc?id=1ZsoUZvoLN75nYT4yOU1u49KQ0ONjbd9H"
"827","Pietra Lopes","Roberto","https://drive.google.com/uc?id=1KwdeYiM6yE7dJDNUBgiDDtULZCNejcOM"
"828","Maria Vitória","Gerson","https://drive.google.com/uc?id=1-atc9bXFdSz82TIYt_-sJfkEFNipA1nn"
"829","Maya Neves","Roberto","https://drive.google.com/uc?id=1KwdeYiM6yE7dJDNUBgiDDtULZCNejcOM"
"830","Laís Barbosa","Boris","https://drive.google.com/uc?id=1JnqbrXtelyTkKTXcdmCDzq7iqZnmS4ss"
"831","Ayla Barros","Carlos","https://drive.google.com/uc?id=10cjB-EQHaHaSf33H2LvCn6Oxn6eUjexh"
"832","Ana Lívia Siqueira","Carmem","https://drive.google.com/uc?id=1ZsoUZvoLN75nYT4yOU1u49KQ0ONjbd9H"
"833","Eduarda Neves","Joana","https://drive.google.com/uc?id=1-BraJGn5Llwpybq1T6OmmKDhFEkPorrq"
"834","Mariah Barbosa","Fábio","https://drive.google.com/uc?id=1Hhy_eGk4b_rrZKhFGKuBCdHxCR8XTpZ8"
"835","Stella Camargo","Roberto","https://drive.google.com/uc?id=1KwdeYiM6yE7dJDNUBgiDDtULZCNejcOM"
"836","Ana Fagundes","Carlos","https://drive.google.com/uc?id=10cjB-EQHaHaSf33H2LvCn6Oxn6eUjexh"
"837","Gabrielly Barbosa","Carmem","https://drive.google.com/uc?id=1ZsoUZvoLN75nYT4yOU1u49KQ0ONjbd9H"
"838","Sophie Neves","Julia","https://drive.google.com/uc?id=10T709_PDIRjNxqBfKyW9MutHNoGQqjrd"
"839","Carolina Barros","Célia","https://drive.google.com/uc?id=1TVxvNL9WleKF31Ae8eO5nwGcRgSx5g4h"
"840","Maria Laura","Carlos","https://drive.google.com/uc?id=10cjB-EQHaHaSf33H2LvCn6Oxn6eUjexh"
"841","Maria Heloísa Carvalho","João","https://drive.google.com/uc?id=1r9XaU7gmi2Pgyy-O4fH-bGgzbgSeRWJV"
"842","Maria Sophia","Gerson","https://drive.google.com/uc?id=1-atc9bXFdSz82TIYt_-sJfkEFNipA1nn"
"843","Fernanda Neves","Julia","https://drive.google.com/uc?id=10T709_PDIRjNxqBfKyW9MutHNoGQqjrd"
"844","Malu Castro","Boris","https://drive.google.com/uc?id=1JnqbrXtelyTkKTXcdmCDzq7iqZnmS4ss"
"845","Analu Fagundes","Carmem","https://drive.google.com/uc?id=1ZsoUZvoLN75nYT4yOU1u49KQ0ONjbd9H"
"846","Amanda Lopes","Geraldo","https://drive.google.com/uc?id=1kLJhPMXCRvZfzli69XxbN80q52UIS1Ii"
"847","Aurora Fagundes","Roberto","https://drive.google.com/uc?id=1KwdeYiM6yE7dJDNUBgiDDtULZCNejcOM"
"848","Maria Isis Trindade","Célia","https://drive.google.com/uc?id=1TVxvNL9WleKF31Ae8eO5nwGcRgSx5g4h"
"849","Louise Castro","Julia","https://drive.google.com/uc?id=10T709_PDIRjNxqBfKyW9MutHNoGQqjrd"
"850","Heloise Barbosa","João","https://drive.google.com/uc?id=1r9XaU7gmi2Pgyy-O4fH-bGgzbgSeRWJV"
"851","Ana Vitória Ramos","Julia","https://drive.google.com/uc?id=10T709_PDIRjNxqBfKyW9MutHNoGQqjrd"
"852","Ana Cecília Vieira","Roberto","https://drive.google.com/uc?id=1KwdeYiM6yE7dJDNUBgiDDtULZCNejcOM"
"853","Ana Liz Santos","Gerson","https://drive.google.com/uc?id=1-atc9bXFdSz82TIYt_-sJfkEFNipA1nn"
"854","Joana Borges","Gerson","https://drive.google.com/uc?id=1-atc9bXFdSz82TIYt_-sJfkEFNipA1nn"
"855","Luana Borges","Roberto","https://drive.google.com/uc?id=1KwdeYiM6yE7dJDNUBgiDDtULZCNejcOM"
"856","Antônia Castro","Fábio","https://drive.google.com/uc?id=1Hhy_eGk4b_rrZKhFGKuBCdHxCR8XTpZ8"
"857","Isabel Fagundes","Joana","https://drive.google.com/uc?id=1-BraJGn5Llwpybq1T6OmmKDhFEkPorrq"
"858","Bruna Borges","Célia","https://drive.google.com/uc?id=1TVxvNL9WleKF31Ae8eO5nwGcRgSx5g4h"
"859","Miguel Lopes","Célia","https://drive.google.com/uc?id=1TVxvNL9WleKF31Ae8eO5nwGcRgSx5g4h"
"860","Arthur Barbosa","Célia","https://drive.google.com/uc?id=1TVxvNL9WleKF31Ae8eO5nwGcRgSx5g4h"
"861","Bernardo Paixão","Joana","https://drive.google.com/uc?id=1-BraJGn5Llwpybq1T6OmmKDhFEkPorrq"
"862","Heitor Borges","Joana","https://drive.google.com/uc?id=1-BraJGn5Llwpybq1T6OmmKDhFEkPorrq"
"863","Davi Camargo","Paula","https://drive.google.com/uc?id=1RttfA0FJ5W5x2gVH81OMRJKRvjS-NZpq"
"864","Lorenzo Castro","Geraldo","https://drive.google.com/uc?id=1kLJhPMXCRvZfzli69XxbN80q52UIS1Ii"
"865","Théo Camargo","Geraldo","https://drive.google.com/uc?id=1kLJhPMXCRvZfzli69XxbN80q52UIS1Ii"
"866","Pedro Barros","Boris","https://drive.google.com/uc?id=1JnqbrXtelyTkKTXcdmCDzq7iqZnmS4ss"
"867","Gabriel Camargo","Geraldo","https://drive.google.com/uc?id=1kLJhPMXCRvZfzli69XxbN80q52UIS1Ii"
"868","Enzo Camargo","Julia","https://drive.google.com/uc?id=10T709_PDIRjNxqBfKyW9MutHNoGQqjrd"
"869","Matheus Castro","Carlos","https://drive.google.com/uc?id=10cjB-EQHaHaSf33H2LvCn6Oxn6eUjexh"
"870","Lucas Barros","Julia","https://drive.google.com/uc?id=10T709_PDIRjNxqBfKyW9MutHNoGQqjrd"
"871","Benjamin Borges","Fábio","https://drive.google.com/uc?id=1Hhy_eGk4b_rrZKhFGKuBCdHxCR8XTpZ8"
"872","Nicolas Frota","Carmem","https://drive.google.com/uc?id=1ZsoUZvoLN75nYT4yOU1u49KQ0ONjbd9H"
"873","Guilherme Borges","Julia","https://drive.google.com/uc?id=10T709_PDIRjNxqBfKyW9MutHNoGQqjrd"
"874","Rafael Castro","Célia","https://drive.google.com/uc?id=1TVxvNL9WleKF31Ae8eO5nwGcRgSx5g4h"
"875","Joaquim Castro","Gerson","https://drive.google.com/uc?id=1-atc9bXFdSz82TIYt_-sJfkEFNipA1nn"
"876","Samuel Fagundes","Joana","https://drive.google.com/uc?id=1-BraJGn5Llwpybq1T6OmmKDhFEkPorrq"
"877","Enzo Gabriel Nogueira","Célia","https://drive.google.com/uc?id=1TVxvNL9WleKF31Ae8eO5nwGcRgSx5g4h"
"878","João Miguel Uribe","Carmem","https://drive.google.com/uc?id=1ZsoUZvoLN75nYT4yOU1u49KQ0ONjbd9H"
"879","Henrique Valadares","Janaina","https://drive.google.com/uc?id=1Mn_iLd7gSOrMMuHiZSLnJ4pA13WWCDnr"
"880","Gustavo Castro","Carlos","https://drive.google.com/uc?id=10cjB-EQHaHaSf33H2LvCn6Oxn6eUjexh"
"881","Murilo Ferraz","Boris","https://drive.google.com/uc?id=1JnqbrXtelyTkKTXcdmCDzq7iqZnmS4ss"
"882","Pedro Henrique Nascimento","Gerson","https://drive.google.com/uc?id=1-atc9bXFdSz82TIYt_-sJfkEFNipA1nn"
"883","Pietro Lopes","Gerson","https://drive.google.com/uc?id=1-atc9bXFdSz82TIYt_-sJfkEFNipA1nn"
"884","Lucca Camargo","Geraldo","https://drive.google.com/uc?id=1kLJhPMXCRvZfzli69XxbN80q52UIS1Ii"
"885","Felipe Fagundes","Joana","https://drive.google.com/uc?id=1-BraJGn5Llwpybq1T6OmmKDhFEkPorrq"
"886","João Pedro Broges","Janaina","https://drive.google.com/uc?id=1Mn_iLd7gSOrMMuHiZSLnJ4pA13WWCDnr"
"887","Isaac Ferraz","Fábio","https://drive.google.com/uc?id=1Hhy_eGk4b_rrZKhFGKuBCdHxCR8XTpZ8"
"888","Benício Camargo","Gerson","https://drive.google.com/uc?id=1-atc9bXFdSz82TIYt_-sJfkEFNipA1nn"
"889","Daniel Nascimento","João","https://drive.google.com/uc?id=1r9XaU7gmi2Pgyy-O4fH-bGgzbgSeRWJV"
"890","Anthony Peçanha","Joana","https://drive.google.com/uc?id=1-BraJGn5Llwpybq1T6OmmKDhFEkPorrq"
"891","Leonardo Ferraz","Janaina","https://drive.google.com/uc?id=1Mn_iLd7gSOrMMuHiZSLnJ4pA13WWCDnr"
"892","Davi Lucca Moraes","Julia","https://drive.google.com/uc?id=10T709_PDIRjNxqBfKyW9MutHNoGQqjrd"
"893","Bryan Fagundes","Célia","https://drive.google.com/uc?id=1TVxvNL9WleKF31Ae8eO5nwGcRgSx5g4h"
"894","Eduardo Camargo","Carmem","https://drive.google.com/uc?id=1ZsoUZvoLN75nYT4yOU1u49KQ0ONjbd9H"
"895","João Lucas Junqueira","Janaina","https://drive.google.com/uc?id=1Mn_iLd7gSOrMMuHiZSLnJ4pA13WWCDnr"
"896","Victor Camargo","Roberto","https://drive.google.com/uc?id=1KwdeYiM6yE7dJDNUBgiDDtULZCNejcOM"
"897","João Carlos Junqueira","Gerson","https://drive.google.com/uc?id=1-atc9bXFdSz82TIYt_-sJfkEFNipA1nn"
"898","Cauã Valadares","Célia","https://drive.google.com/uc?id=1TVxvNL9WleKF31Ae8eO5nwGcRgSx5g4h"
"899","Antônio Santana","Carlos","https://drive.google.com/uc?id=10cjB-EQHaHaSf33H2LvCn6Oxn6eUjexh"
"900","Vicente Castro","Boris","https://drive.google.com/uc?id=1JnqbrXtelyTkKTXcdmCDzq7iqZnmS4ss"
"901","Caleb Valadares","Janaina","https://drive.google.com/uc?id=1Mn_iLd7gSOrMMuHiZSLnJ4pA13WWCDnr"
"902","Gael Camargo","Paula","https://drive.google.com/uc?id=1RttfA0FJ5W5x2gVH81OMRJKRvjS-NZpq"
"903","Bento Ferraz","João","https://drive.google.com/uc?id=1r9XaU7gmi2Pgyy-O4fH-bGgzbgSeRWJV"
"904","Caio Valadares","João","https://drive.google.com/uc?id=1r9XaU7gmi2Pgyy-O4fH-bGgzbgSeRWJV"
"905","Emanuel Ferraz","Paula","https://drive.google.com/uc?id=1RttfA0FJ5W5x2gVH81OMRJKRvjS-NZpq"
"906","Vinícius Camargo","Julia","https://drive.google.com/uc?id=10T709_PDIRjNxqBfKyW9MutHNoGQqjrd"
"907","João Guilherme Ramirez","Janaina","https://drive.google.com/uc?id=1Mn_iLd7gSOrMMuHiZSLnJ4pA13WWCDnr"
"908","Davi Lucas","João","https://drive.google.com/uc?id=1r9XaU7gmi2Pgyy-O4fH-bGgzbgSeRWJV"
"909","Noah Ferraz","Roberto","https://drive.google.com/uc?id=1KwdeYiM6yE7dJDNUBgiDDtULZCNejcOM"
"910","João Gabriel Siqueira","Carlos","https://drive.google.com/uc?id=10cjB-EQHaHaSf33H2LvCn6Oxn6eUjexh"
"911","João Victor Trindade","Geraldo","https://drive.google.com/uc?id=1kLJhPMXCRvZfzli69XxbN80q52UIS1Ii"
"912","Luiz Miguel Valadares","Carmem","https://drive.google.com/uc?id=1ZsoUZvoLN75nYT4yOU1u49KQ0ONjbd9H"
"913","Francisco Gouveia","Carlos","https://drive.google.com/uc?id=10cjB-EQHaHaSf33H2LvCn6Oxn6eUjexh"
"914","Kaique Trindade","João","https://drive.google.com/uc?id=1r9XaU7gmi2Pgyy-O4fH-bGgzbgSeRWJV"
"915","Otávio Trindade","Roberto","https://drive.google.com/uc?id=1KwdeYiM6yE7dJDNUBgiDDtULZCNejcOM"
"916","Augusto Trindade","Fábio","https://drive.google.com/uc?id=1Hhy_eGk4b_rrZKhFGKuBCdHxCR8XTpZ8"
"917","Levi Lopes","Roberto","https://drive.google.com/uc?id=1KwdeYiM6yE7dJDNUBgiDDtULZCNejcOM"
"918","Yuri Lopes","Roberto","https://drive.google.com/uc?id=1KwdeYiM6yE7dJDNUBgiDDtULZCNejcOM"
"919","Enrico Gouveia","Joana","https://drive.google.com/uc?id=1-BraJGn5Llwpybq1T6OmmKDhFEkPorrq"
"920","Thiago Peçanha","Geraldo","https://drive.google.com/uc?id=1kLJhPMXCRvZfzli69XxbN80q52UIS1Ii"
"921","Ian Leitão","Paula","https://drive.google.com/uc?id=1RttfA0FJ5W5x2gVH81OMRJKRvjS-NZpq"
"922","Victor Hugo Ferraz","João","https://drive.google.com/uc?id=1r9XaU7gmi2Pgyy-O4fH-bGgzbgSeRWJV"
"923","Thomas Junqueira","Julia","https://drive.google.com/uc?id=10T709_PDIRjNxqBfKyW9MutHNoGQqjrd"
"924","Henry Frota","João","https://drive.google.com/uc?id=1r9XaU7gmi2Pgyy-O4fH-bGgzbgSeRWJV"
"925","Luiz Felipe Macedo","João","https://drive.google.com/uc?id=1r9XaU7gmi2Pgyy-O4fH-bGgzbgSeRWJV"
"926","Ryan Frota","Paula","https://drive.google.com/uc?id=1RttfA0FJ5W5x2gVH81OMRJKRvjS-NZpq"
"927","Arthur Miguel dos Santos","Carmem","https://drive.google.com/uc?id=1ZsoUZvoLN75nYT4yOU1u49KQ0ONjbd9H"
"928","Davi Luiz Nóbrega","Carmem","https://drive.google.com/uc?id=1ZsoUZvoLN75nYT4yOU1u49KQ0ONjbd9H"
"929","Nathan Frota","Julia","https://drive.google.com/uc?id=10T709_PDIRjNxqBfKyW9MutHNoGQqjrd"
"930","Pedro Lucas Frota","Roberto","https://drive.google.com/uc?id=1KwdeYiM6yE7dJDNUBgiDDtULZCNejcOM"
"931","Davi Miguel Neves","Fábio","https://drive.google.com/uc?id=1Hhy_eGk4b_rrZKhFGKuBCdHxCR8XTpZ8"
"932","Raul Junqueira","Fábio","https://drive.google.com/uc?id=1Hhy_eGk4b_rrZKhFGKuBCdHxCR8XTpZ8"
"933","Pedro Miguel","Fábio","https://drive.google.com/uc?id=1Hhy_eGk4b_rrZKhFGKuBCdHxCR8XTpZ8"
"934","Luiz Henrique Vilella","Geraldo","https://drive.google.com/uc?id=1kLJhPMXCRvZfzli69XxbN80q52UIS1Ii"
"935","Luan Peçanha","Carmem","https://drive.google.com/uc?id=1ZsoUZvoLN75nYT4yOU1u49KQ0ONjbd9H"
"936","Erick Frota","Roberto","https://drive.google.com/uc?id=1KwdeYiM6yE7dJDNUBgiDDtULZCNejcOM"
"937","Martin Peçanha","Carmem","https://drive.google.com/uc?id=1ZsoUZvoLN75nYT4yOU1u49KQ0ONjbd9H"
"938","Bruno Frota","João","https://drive.google.com/uc?id=1r9XaU7gmi2Pgyy-O4fH-bGgzbgSeRWJV"
"939","Rodrigo Lopes","João","https://drive.google.com/uc?id=1r9XaU7gmi2Pgyy-O4fH-bGgzbgSeRWJV"
"940","Luiz Gustavo Hora","Carmem","https://drive.google.com/uc?id=1ZsoUZvoLN75nYT4yOU1u49KQ0ONjbd9H"
"941","Arthur Gabriel Oliva","Boris","https://drive.google.com/uc?id=1JnqbrXtelyTkKTXcdmCDzq7iqZnmS4ss"
"942","Breno Frota","Joana","https://drive.google.com/uc?id=1-BraJGn5Llwpybq1T6OmmKDhFEkPorrq"
"943","Kauê Junqueira","Joana","https://drive.google.com/uc?id=1-BraJGn5Llwpybq1T6OmmKDhFEkPorrq"
"944","Enzo Miguel  Trindade","Célia","https://drive.google.com/uc?id=1TVxvNL9WleKF31Ae8eO5nwGcRgSx5g4h"
"945","Fernando Junqueira","Carmem","https://drive.google.com/uc?id=1ZsoUZvoLN75nYT4yOU1u49KQ0ONjbd9H"
"946","Arthur HenriquePeçanha","Carmem","https://drive.google.com/uc?id=1ZsoUZvoLN75nYT4yOU1u49KQ0ONjbd9H"
"947","Luiz Otávio Frota","João","https://drive.google.com/uc?id=1r9XaU7gmi2Pgyy-O4fH-bGgzbgSeRWJV"
"948","Carlos Eduardo","Janaina","https://drive.google.com/uc?id=1Mn_iLd7gSOrMMuHiZSLnJ4pA13WWCDnr"
"949","Tomás Lopes","Roberto","https://drive.google.com/uc?id=1KwdeYiM6yE7dJDNUBgiDDtULZCNejcOM"
"950","Lucas Gabriel Frota","Joana","https://drive.google.com/uc?id=1-BraJGn5Llwpybq1T6OmmKDhFEkPorrq"
"951","André Lopes","Célia","https://drive.google.com/uc?id=1TVxvNL9WleKF31Ae8eO5nwGcRgSx5g4h"
"952","José Junqueira","Carmem","https://drive.google.com/uc?id=1ZsoUZvoLN75nYT4yOU1u49KQ0ONjbd9H"
"953","Yago Frota","Paula","https://drive.google.com/uc?id=1RttfA0FJ5W5x2gVH81OMRJKRvjS-NZpq"
"954","Danilo Gouveia","Joana","https://drive.google.com/uc?id=1-BraJGn5Llwpybq1T6OmmKDhFEkPorrq"
"955","Anthony Gabriel Frota","Roberto","https://drive.google.com/uc?id=1KwdeYiM6yE7dJDNUBgiDDtULZCNejcOM"
"956","Ruan Gouveia","Fábio","https://drive.google.com/uc?id=1Hhy_eGk4b_rrZKhFGKuBCdHxCR8XTpZ8"
"957","Miguel Siqueira","Joana","https://drive.google.com/uc?id=1-BraJGn5Llwpybq1T6OmmKDhFEkPorrq"
"958","Oliver Gouveia","Carlos","https://drive.google.com/uc?id=10cjB-EQHaHaSf33H2LvCn6Oxn6eUjexh"
